parameter,mean_contribution,std_contribution,max_contribution,policy_relevant,empirically_resolvable,category,actionability_score
compute_growth_rate,19.800471360566156,15.160462459063627,42.72748199101088,True,True,compute,59.40141408169847
algorithmic_efficiency_gain,21.08512302386041,18.395139568231084,55.65592438872816,False,True,algorithm,21.08512302386041
deployment_speed_years,0.04700525478534927,0.01882651842360267,0.08688680436117241,True,True,deployment,0.1410157643560478
data_availability_multiplier,0.010507433675849826,0.008178836208843823,0.02611949646421948,False,True,data,0.010507433675849826
scaling_law_exponent,0.0012394242940096465,0.000781373221359711,0.0022374239090270733,False,True,scaling,0.0012394242940096465
