parameter,mean,std,min,max,range,n_forecasts
tai_threshold_flop,23.303030303030305,39.02094331172744,0.09090909090909091,101.0,100.9090909090909,5
deployment_speed_years,0.76,0.5571355310873648,0.2,1.8,1.6,5
qualitative_jump_probability,0.19999999999999998,0.2867441755680875,-0.1666666666666666,0.6666666666666665,0.8333333333333331,5
compute_growth_rate,0.15,0.21505813167606566,-0.125,0.5,0.625,5
data_availability_multiplier,0.25,0.18439088914585774,0.0,0.5,0.5,5
algorithmic_efficiency_gain,0.19999999999999993,0.17159383568311662,0.0,0.4999999999999999,0.4999999999999999,5
scaling_law_exponent,0.2533333333333333,0.1667999467092907,0.0,0.4999999999999999,0.4999999999999999,5
